variavel,desfecho,k,trimestre,coef_pp,ep_pp,ic95_inf_pp,ic95_sup_pp
formal_para_informal,Transição de formal para informal,-15,2019T1,-0.1774204803965274,0.3738371924596788,-0.9101571267157483,0.5553161659226935
formal_para_informal,Transição de formal para informal,-14,2019T2,-0.4536299398125153,0.3676020742789307,-1.1741454918229934,0.26688561219796286
formal_para_informal,Transição de formal para informal,-13,2019T3,-0.11574488597215936,0.36077436702488164,-0.8228778441254976,0.591388072181179
formal_para_informal,Transição de formal para informal,-12,2019T4,0.0599592098638039,0.362277910380318,-0.650120756607806,0.7700391763354137
formal_para_informal,Transição de formal para informal,-11,2020T1,0.41706815653871493,0.33498947446214267,-0.2395253259198378,1.0736616389972677
formal_para_informal,Transição de formal para informal,-10,2020T2,0.43318735156921956,0.33709867530758725,-0.22754025340329742,1.0939149565417365
formal_para_informal,Transição de formal para informal,-9,2020T3,0.36340723248761975,0.36444125047927994,-0.35091297171563923,1.077727436690879
formal_para_informal,Transição de formal para informal,-8,2020T4,0.3753789509349559,0.3651193360167717,-0.34027032948832864,1.0910282313582402
formal_para_informal,Transição de formal para informal,-7,2021T1,0.4597170394586075,0.34910829423692036,-0.22454992455935946,1.1439840034765745
formal_para_informal,Transição de formal para informal,-6,2021T2,0.5044537778478336,0.3610382893774515,-0.20319647923512243,1.2121040349307899
formal_para_informal,Transição de formal para informal,-5,2021T3,0.14387740343291386,0.3653388924788574,-0.5722022169055831,0.8599570237714108
formal_para_informal,Transição de formal para informal,-4,2021T4,-1.1235688766218264,0.40870875139843227,-1.9246552475379684,-0.32248250570568426
formal_para_informal,Transição de formal para informal,-3,2022T1,-0.5282053213483847,0.3908175459252921,-1.2942241758123998,0.23781353311563028
formal_para_informal,Transição de formal para informal,-2,2022T2,-0.6050551923371448,0.4000542870670786,-1.3891784485665921,0.17906806389230276
formal_para_informal,Transição de formal para informal,-1,2022T3,0.0,0.0,0.0,0.0
formal_para_informal,Transição de formal para informal,0,2022T4,-0.5117909350792119,0.3901315931427074,-1.276465293191386,0.25288342303296224
formal_para_informal,Transição de formal para informal,1,2023T1,-1.191121538723554,0.36049711353541025,-1.8977110683573302,-0.4845320090897777
formal_para_informal,Transição de formal para informal,2,2023T2,-0.7063948325140653,0.3922806597230835,-1.4752814516601422,0.06249178663201155
formal_para_informal,Transição de formal para informal,3,2023T3,-0.7636479130041903,0.3794230308544717,-1.5073330378986753,-0.019962788109705205
formal_para_informal,Transição de formal para informal,4,2023T4,-0.6082503645921628,0.3876425671745538,-1.368046126948504,0.15154539776417844
formal_para_informal,Transição de formal para informal,5,2024T1,-0.3815804748681331,0.38346631932958486,-1.1331906155104163,0.3700296657741501
formal_para_informal,Transição de formal para informal,6,2024T2,-0.5109736985274327,0.391229194341952,-1.2777994012301193,0.2558520041752539
formal_para_informal,Transição de formal para informal,7,2024T3,-1.1192775150496448,0.3752297187852885,-1.8547435716317264,-0.38381145846756326
formal_para_informal,Transição de formal para informal,8,2024T4,-1.1199832776411538,0.3859434637318647,-1.876448725669608,-0.3635178296126994
formal_para_informal,Transição de formal para informal,9,2025T1,-0.529791893945983,0.38183108007874444,-1.2781968967668877,0.21861310887492189
formal_para_informal,Transição de formal para informal,10,2025T2,-0.4983995198461517,0.38605596490043764,-1.2550854749044837,0.25828643521218037
formal_para_informal,Transição de formal para informal,11,2025T3,-0.5089293872862981,0.3727385859913665,-1.239512718645284,0.22165394407268768
mobilidade_ascendente_aioe,Transição para maior AIOE,-15,2019T1,-0.40016566422834227,0.3178206879818871,-1.0231070609070188,0.22277573245033438
mobilidade_ascendente_aioe,Transição para maior AIOE,-14,2019T2,0.07903689580763475,0.323840314581397,-0.555703212355791,0.7137770039710606
mobilidade_ascendente_aioe,Transição para maior AIOE,-13,2019T3,0.2363113851120687,0.320013197663147,-0.39092741917637747,0.8635501894005148
mobilidade_ascendente_aioe,Transição para maior AIOE,-12,2019T4,0.16932634008953512,0.32240551561208275,-0.46260150409078377,0.8012541842698541
mobilidade_ascendente_aioe,Transição para maior AIOE,-11,2020T1,2.877948667467295,0.3251398421540401,2.240661432726726,3.5152359022078654
mobilidade_ascendente_aioe,Transição para maior AIOE,-10,2020T2,3.5438009291889636,0.3289940205216533,2.8989593490386754,4.188642509339252
mobilidade_ascendente_aioe,Transição para maior AIOE,-9,2020T3,3.5880696579276914,0.35656856758507527,2.889180850803151,4.286958465052232
mobilidade_ascendente_aioe,Transição para maior AIOE,-8,2020T4,3.481249922462886,0.34757949024521617,2.7999800703173356,4.162519774608437
mobilidade_ascendente_aioe,Transição para maior AIOE,-7,2021T1,3.3561477383164053,0.3584802137278815,2.6535120274716673,4.058783449161144
mobilidade_ascendente_aioe,Transição para maior AIOE,-6,2021T2,3.385172233500765,0.33753679221517907,2.723586475480673,4.046757991520857
mobilidade_ascendente_aioe,Transição para maior AIOE,-5,2021T3,3.37169676069925,0.2998009745221144,2.784074730867517,3.959318790530983
mobilidade_ascendente_aioe,Transição para maior AIOE,-4,2021T4,-0.44527419933058654,0.37583631600500517,-1.1819285722770996,0.29138017361592633
mobilidade_ascendente_aioe,Transição para maior AIOE,-3,2022T1,-0.7958826004124819,0.3466235880342485,-1.4752788455811878,-0.1164863552437759
mobilidade_ascendente_aioe,Transição para maior AIOE,-2,2022T2,-0.07867255000490431,0.3291645386875096,-0.7238483526536467,0.566503252643838
mobilidade_ascendente_aioe,Transição para maior AIOE,-1,2022T3,0.0,0.0,0.0,0.0
mobilidade_ascendente_aioe,Transição para maior AIOE,0,2022T4,-0.24718318329742006,0.3292691072895998,-0.8925639446335544,0.39819757803871436
mobilidade_ascendente_aioe,Transição para maior AIOE,1,2023T1,0.6931773789824075,0.3405258768899159,0.02573289416295272,1.3606218638018621
mobilidade_ascendente_aioe,Transição para maior AIOE,2,2023T2,0.1271140798441134,0.3376109144184268,-0.5346169606908117,0.7888451203790385
mobilidade_ascendente_aioe,Transição para maior AIOE,3,2023T3,0.4811167092545811,0.3359076728793823,-0.17727590900849374,1.139509327517656
mobilidade_ascendente_aioe,Transição para maior AIOE,4,2023T4,0.22856783454466265,0.3440694285079514,-0.4458221546979271,0.9029578237872524
mobilidade_ascendente_aioe,Transição para maior AIOE,5,2024T1,-0.15760314240170903,0.3297488525693865,-0.8039242238804308,0.4887179390770127
mobilidade_ascendente_aioe,Transição para maior AIOE,6,2024T2,0.0441678958084881,0.33149592545953893,-0.6055775191621837,0.6939133107791599
mobilidade_ascendente_aioe,Transição para maior AIOE,7,2024T3,-0.027050194997140436,0.3354228577002476,-0.68449255590995,0.6303921659156689
mobilidade_ascendente_aioe,Transição para maior AIOE,8,2024T4,0.07891323486614613,0.33378445726948175,-0.575317794968309,0.7331442647006012
mobilidade_ascendente_aioe,Transição para maior AIOE,9,2025T1,-0.09701586495994653,0.33750583705641557,-0.7585409496174672,0.5645092196975742
mobilidade_ascendente_aioe,Transição para maior AIOE,10,2025T2,0.02403559242666674,0.32380971525752766,-0.6106445398249655,0.6587157246782991
mobilidade_ascendente_aioe,Transição para maior AIOE,11,2025T3,-0.17226913657064777,0.3229888250341348,-0.805340290799083,0.4608020176577875
mobilidade_descendente_aioe,Transição para menor AIOE,-15,2019T1,-0.5422154406989992,0.3375855783944655,-1.2038968216027248,0.11946594020472669
mobilidade_descendente_aioe,Transição para menor AIOE,-14,2019T2,-0.5658384003279755,0.33923865847454016,-1.2307598850161412,0.09908308436019017
mobilidade_descendente_aioe,Transição para menor AIOE,-13,2019T3,-0.807628334415161,0.3392802404902048,-1.4726313215350257,-0.14262534729529622
mobilidade_descendente_aioe,Transição para menor AIOE,-12,2019T4,-0.6787494636676341,0.3414242005054522,-1.347954699089213,-0.009544228246055348
mobilidade_descendente_aioe,Transição para menor AIOE,-11,2020T1,-3.7949768891336215,0.3533755874164391,-4.487607326048067,-3.1023464522191753
mobilidade_descendente_aioe,Transição para menor AIOE,-10,2020T2,-4.36959798106997,0.3746135302064798,-5.103855644418977,-3.6353403177209627
mobilidade_descendente_aioe,Transição para menor AIOE,-9,2020T3,-4.440398878324299,0.35558260275470893,-5.137355154522661,-3.7434426021259375
mobilidade_descendente_aioe,Transição para menor AIOE,-8,2020T4,-4.890239059172714,0.37469239586783576,-5.624651302406206,-4.155826815939223
mobilidade_descendente_aioe,Transição para menor AIOE,-7,2021T1,-4.469773276198809,0.36508566844386514,-5.1853559453193,-3.7541906070783178
mobilidade_descendente_aioe,Transição para menor AIOE,-6,2021T2,-4.296840805494056,0.3846911309566618,-5.0508509737109835,-3.542830637277128
mobilidade_descendente_aioe,Transição para menor AIOE,-5,2021T3,-3.813242926327621,0.33948478952028616,-4.478646837815554,-3.147839014839688
mobilidade_descendente_aioe,Transição para menor AIOE,-4,2021T4,1.6199911480431322,0.3674629231939598,0.8997489635094422,2.340233332576822
mobilidade_descendente_aioe,Transição para menor AIOE,-3,2022T1,1.1328249629285814,0.3604840791820444,0.42626159478532405,1.8393883310718384
mobilidade_descendente_aioe,Transição para menor AIOE,-2,2022T2,0.8497812695780714,0.34876180079921304,0.1661940409505445,1.5333684982055986
mobilidade_descendente_aioe,Transição para menor AIOE,-1,2022T3,0.0,0.0,0.0,0.0
mobilidade_descendente_aioe,Transição para menor AIOE,0,2022T4,0.2748197714929108,0.3396404578334709,-0.390889256181919,0.9405287991677405
mobilidade_descendente_aioe,Transição para menor AIOE,1,2023T1,-0.36649531129947416,0.34289202096003973,-1.0385775341502237,0.3055869115512755
mobilidade_descendente_aioe,Transição para menor AIOE,2,2023T2,-0.2502021570899193,0.3417721953320356,-0.9200894764396568,0.4196851622598184
mobilidade_descendente_aioe,Transição para menor AIOE,3,2023T3,0.13595753810186623,0.34321352827121415,-0.5367548520760551,0.8086699282797875
mobilidade_descendente_aioe,Transição para menor AIOE,4,2023T4,0.39843733809669346,0.3454763621413941,-0.27871029794420954,1.0755849741375965
mobilidade_descendente_aioe,Transição para menor AIOE,5,2024T1,0.856303933702658,0.3405619471046222,0.18878874980420274,1.5238191176011133
mobilidade_descendente_aioe,Transição para menor AIOE,6,2024T2,0.18132816717611233,0.3440056498269335,-0.49293681327336236,0.8555931476255871
mobilidade_descendente_aioe,Transição para menor AIOE,7,2024T3,0.3993727009271484,0.34323590717216473,-0.2733835528013265,1.0721289546556232
mobilidade_descendente_aioe,Transição para menor AIOE,8,2024T4,0.2090127865337919,0.35355945439698166,-0.483978037095533,0.9020036101631167
mobilidade_descendente_aioe,Transição para menor AIOE,9,2025T1,0.5040049496005324,0.34602742055047236,-0.1742227831992774,1.1822326824003422
mobilidade_descendente_aioe,Transição para menor AIOE,10,2025T2,0.8645345155033293,0.34138121259740206,0.19541353811935985,1.5336554928872985
mobilidade_descendente_aioe,Transição para menor AIOE,11,2025T3,0.3123045813028675,0.3489751067812175,-0.37170073567250594,0.9963098982782409
muda_ocupacao_2,Muda de ocupação (2 dígitos),-15,2019T1,-0.6786986215548299,0.3889845194558558,-1.4411240047949052,0.08372676168524545
muda_ocupacao_2,Muda de ocupação (2 dígitos),-14,2019T2,-0.10886422720451563,0.3980877808495941,-0.889132370785194,0.6714039163761628
muda_ocupacao_2,Muda de ocupação (2 dígitos),-13,2019T3,-0.33822508258058126,0.3851837176773455,-1.0932007406833837,0.4167505755222211
muda_ocupacao_2,Muda de ocupação (2 dígitos),-12,2019T4,-0.10357645243728808,0.40809869679718097,-0.9034663959769987,0.6963134911024225
muda_ocupacao_2,Muda de ocupação (2 dígitos),-11,2020T1,-0.13397365883392437,0.41839511287040065,-0.9540449941205491,0.6860976764527005
muda_ocupacao_2,Muda de ocupação (2 dígitos),-10,2020T2,-0.09871412537303154,0.42850145485346164,-0.9385942995059152,0.7411660487598523
muda_ocupacao_2,Muda de ocupação (2 dígitos),-9,2020T3,-0.1787189432001756,0.42641527357907594,-1.0145101176992004,0.6570722312988494
muda_ocupacao_2,Muda de ocupação (2 dígitos),-8,2020T4,-0.3357946269623671,0.4284375018051493,-1.1755494505351898,0.5039601966104555
muda_ocupacao_2,Muda de ocupação (2 dígitos),-7,2021T1,-0.001326142221257321,0.4378607814500836,-0.8595509748441003,0.8568986904015857
muda_ocupacao_2,Muda de ocupação (2 dígitos),-6,2021T2,0.02603396297942263,0.43473959185868427,-0.8260732118669194,0.8781411378257645
muda_ocupacao_2,Muda de ocupação (2 dígitos),-5,2021T3,0.5414405124901372,0.3846711168823077,-0.21253042733196714,1.2954114523122415
muda_ocupacao_2,Muda de ocupação (2 dígitos),-4,2021T4,1.0674347903597876,0.4240182459615621,0.23634188689344182,1.8985276938261333
muda_ocupacao_2,Muda de ocupação (2 dígitos),-3,2022T1,0.4525990492197872,0.40356642321180214,-0.3384074548706743,1.2436055533102488
muda_ocupacao_2,Muda de ocupação (2 dígitos),-2,2022T2,0.4401008417586135,0.3892952618973865,-0.3229336092289506,1.2031352927461776
muda_ocupacao_2,Muda de ocupação (2 dígitos),-1,2022T3,0.0,0.0,0.0,0.0
muda_ocupacao_2,Muda de ocupação (2 dígitos),0,2022T4,0.3221829807102812,0.381427357312908,-0.4254300592234219,1.0697960206439843
muda_ocupacao_2,Muda de ocupação (2 dígitos),1,2023T1,0.3722209910485866,0.39759775168476996,-0.40708667555909434,1.1515286576562673
muda_ocupacao_2,Muda de ocupação (2 dígitos),2,2023T2,0.014333390489274584,0.4028925962329979,-0.7753523854825694,0.8040191664611186
muda_ocupacao_2,Muda de ocupação (2 dígitos),3,2023T3,0.3675859228686119,0.4003768046240151,-0.4171687998461151,1.152340645583339
muda_ocupacao_2,Muda de ocupação (2 dígitos),4,2023T4,0.5127126974937591,0.412487742699415,-0.29577995344610764,1.321205348433626
muda_ocupacao_2,Muda de ocupação (2 dígitos),5,2024T1,0.8323900554274235,0.3953679878225064,0.05745281613031865,1.607327294724528
muda_ocupacao_2,Muda de ocupação (2 dígitos),6,2024T2,0.16029639346311514,0.3995627769820035,-0.6228628021653492,0.9434555890915793
muda_ocupacao_2,Muda de ocupação (2 dígitos),7,2024T3,0.07626059942108199,0.3946183395832812,-0.6972072990218262,0.8497284978639901
muda_ocupacao_2,Muda de ocupação (2 dígitos),8,2024T4,0.042474531121642366,0.4075552539519349,-0.7563502424721398,0.8412993047154245
muda_ocupacao_2,Muda de ocupação (2 dígitos),9,2025T1,0.08664426642400425,0.39598795971974915,-0.6895081428547096,0.8627966757027181
muda_ocupacao_2,Muda de ocupação (2 dígitos),10,2025T2,0.40599365729464015,0.38676502797599815,-0.3520814329196465,1.1640687475089266
muda_ocupacao_2,Muda de ocupação (2 dígitos),11,2025T3,0.5091098637352731,0.39350101474800203,-0.26216803286146134,1.2803877603320075
muda_ocupacao_3,Muda de ocupação (3 dígitos),-15,2019T1,-0.8588359462121694,0.41095323439036596,-1.6643208988321945,-0.05335099359214425
muda_ocupacao_3,Muda de ocupação (3 dígitos),-14,2019T2,-0.5607782412865158,0.4165471534388329,-1.3772275013815722,0.2556710188085409
muda_ocupacao_3,Muda de ocupação (3 dígitos),-13,2019T3,-0.729361007748222,0.41590401693766577,-1.5445496943015244,0.08582767880508041
muda_ocupacao_3,Muda de ocupação (3 dígitos),-12,2019T4,-0.436260767249979,0.42674930944187217,-1.2727066655438342,0.4001851310438762
muda_ocupacao_3,Muda de ocupação (3 dígitos),-11,2020T1,-1.3938389105893294,0.4432736335362541,-2.2626731521212813,-0.5250046690573776
muda_ocupacao_3,Muda de ocupação (3 dígitos),-10,2020T2,-1.3628013603137261,0.44903648618977315,-2.242931026015929,-0.48267169461152276
muda_ocupacao_3,Muda de ocupação (3 dígitos),-9,2020T3,-1.5224419177120778,0.45458541432193106,-2.413447706874542,-0.6314361285496136
muda_ocupacao_3,Muda de ocupação (3 dígitos),-8,2020T4,-1.7225687890490227,0.4499850779389274,-2.604557732927383,-0.8405798451706621
muda_ocupacao_3,Muda de ocupação (3 dígitos),-7,2021T1,-1.2523011820883219,0.463294737982597,-2.1603775977092217,-0.34422476646742173
muda_ocupacao_3,Muda de ocupação (3 dígitos),-6,2021T2,-1.075643627391456,0.4535528998872863,-1.964625646521539,-0.18666160826137299
muda_ocupacao_3,Muda de ocupação (3 dígitos),-5,2021T3,-0.5582152911150982,0.4102065179285667,-1.3622366492832019,0.2458060670530054
muda_ocupacao_3,Muda de ocupação (3 dígitos),-4,2021T4,0.9249320596864641,0.44162346967702143,0.0593322060282106,1.7905319133447177
muda_ocupacao_3,Muda de ocupação (3 dígitos),-3,2022T1,0.41367129847417455,0.42373147405633615,-0.4168595204648738,1.244202117413223
muda_ocupacao_3,Muda de ocupação (3 dígitos),-2,2022T2,0.6569710951803354,0.3986343651103901,-0.12436837564774429,1.438310566008415
muda_ocupacao_3,Muda de ocupação (3 dígitos),-1,2022T3,0.0,0.0,0.0,0.0
muda_ocupacao_3,Muda de ocupação (3 dígitos),0,2022T4,-0.042667237713682436,0.3988405548274681,-0.8244108487226703,0.7390763732953054
muda_ocupacao_3,Muda de ocupação (3 dígitos),1,2023T1,0.1394063762413126,0.4164162664161022,-0.6767863399979469,0.9555990924805722
muda_ocupacao_3,Muda de ocupação (3 dígitos),2,2023T2,-0.14048554738785737,0.41798916091828925,-0.959761200437311,0.6787901056615963
muda_ocupacao_3,Muda de ocupação (3 dígitos),3,2023T3,0.34599825654538596,0.4232196978799234,-0.48352946039880546,1.1755259734895773
muda_ocupacao_3,Muda de ocupação (3 dígitos),4,2023T4,0.5415867127642019,0.43253389783693946,-0.3061972126320295,1.3893706381604334
muda_ocupacao_3,Muda de ocupação (3 dígitos),5,2024T1,0.8153785440366191,0.41875866455286503,-0.005405367244593409,1.6361624553178318
muda_ocupacao_3,Muda de ocupação (3 dígitos),6,2024T2,0.05082385214964446,0.41475889246942843,-0.7621203441530569,0.8637680484523458
muda_ocupacao_3,Muda de ocupação (3 dígitos),7,2024T3,0.14667050731575954,0.4171076754289067,-0.6708773985395303,0.9642184131710493
muda_ocupacao_3,Muda de ocupação (3 dígitos),8,2024T4,-0.14088829028456631,0.42959861189155685,-0.9829189365658391,0.7011423559967065
muda_ocupacao_3,Muda de ocupação (3 dígitos),9,2025T1,0.21035175431066852,0.42230461632724503,-0.6173823657971431,1.0380858744184802
muda_ocupacao_3,Muda de ocupação (3 dígitos),10,2025T2,0.4697279668418367,0.40237953191893966,-0.31895218233329087,1.2584081160169642
muda_ocupacao_3,Muda de ocupação (3 dígitos),11,2025T3,0.421998295285727,0.41473304541236583,-0.3908952397402371,1.2348918303116911
pareado,Pareamento (teste de atrito),-15,2019T1,0.03188100488568824,0.3515390960757511,-0.6571497407061576,0.7209117504775341
pareado,Pareamento (teste de atrito),-14,2019T2,-0.0713356422785916,0.34169385700148003,-0.7410693239148165,0.5983980393576334
pareado,Pareamento (teste de atrito),-13,2019T3,-0.11924628566086214,0.3391610771268194,-0.7840156170301075,0.5455230457083831
pareado,Pareamento (teste de atrito),-12,2019T4,0.1331658466162577,0.35140501480458686,-0.5556020942996033,0.8219337875321188
pareado,Pareamento (teste de atrito),-11,2020T1,1.7631397591860702,0.39261006580805596,0.9936082635703006,2.5326712548018397
pareado,Pareamento (teste de atrito),-10,2020T2,0.32815295427111546,0.43532694203737893,-0.5251053341998723,1.181411242742103
pareado,Pareamento (teste de atrito),-9,2020T3,0.6027067402145826,0.4544983035846853,-0.2881281867822801,1.4935416672114452
pareado,Pareamento (teste de atrito),-8,2020T4,0.3825072199663923,0.45933564922130826,-0.5178090987388041,1.2828235386715887
pareado,Pareamento (teste de atrito),-7,2021T1,0.4709455091950569,0.49882150535905034,-0.5067646732329334,1.448655691623047
pareado,Pareamento (teste de atrito),-6,2021T2,-0.1766455165137653,0.4435033773517132,-1.0459299465542393,0.6926389135267086
pareado,Pareamento (teste de atrito),-5,2021T3,-0.14441310119000422,0.4342089644424195,-0.9954801086785663,0.7066539062985577
pareado,Pareamento (teste de atrito),-4,2021T4,-0.5809017112287919,0.37970493382167564,-1.325138629900492,0.16333520744290794
pareado,Pareamento (teste de atrito),-3,2022T1,-0.07112753750594947,0.3527969540342847,-0.762623735210212,0.620368660198313
pareado,Pareamento (teste de atrito),-2,2022T2,0.2430113795597233,0.3341408274132504,-0.4119180607652203,0.8979408198846668
pareado,Pareamento (teste de atrito),-1,2022T3,0.0,0.0,0.0,0.0
pareado,Pareamento (teste de atrito),0,2022T4,-0.01630497259970265,0.33622561517559935,-0.675320680660803,0.6427107354613977
pareado,Pareamento (teste de atrito),1,2023T1,-0.19577629954784181,0.35655422893292,-0.89463690693996,0.5030843078442763
pareado,Pareamento (teste de atrito),2,2023T2,0.35456234386286134,0.36165302147077516,-0.3542921016633214,1.063416789389044
pareado,Pareamento (teste de atrito),3,2023T3,0.18133314846005588,0.36957014506304076,-0.5430391772467884,0.9057054741669003
pareado,Pareamento (teste de atrito),4,2023T4,0.08202159513564186,0.351786436203271,-0.6074939470389519,0.7715371373102357
pareado,Pareamento (teste de atrito),5,2024T1,-0.17727404342905573,0.35059284391354706,-0.8644500967829127,0.5099020099248012
pareado,Pareamento (teste de atrito),6,2024T2,-0.2565646636211538,0.35704385475432115,-0.9563849572858576,0.44325563004354984
pareado,Pareamento (teste de atrito),7,2024T3,-0.48774277473699956,0.3613454254327586,-1.1959943196760738,0.22050877020207468
pareado,Pareamento (teste de atrito),8,2024T4,-0.2829495052828745,0.3591940552043124,-0.9869842781783895,0.4210852676126404
pareado,Pareamento (teste de atrito),9,2025T1,-0.16265387609972057,0.35395056163524485,-0.856411191029018,0.5311034388295768
pareado,Pareamento (teste de atrito),10,2025T2,0.09108890250233188,0.354425014378904,-0.6035983588578485,0.7857761638625123
pareado,Pareamento (teste de atrito),11,2025T3,-0.17154707039899977,0.3550927522209123,-0.8675431247448678,0.5244489839468682
sai_do_emprego,Saída do emprego,-15,2019T1,0.5133301525246813,0.2395585226973818,0.043785770122137246,0.9828745349272253
sai_do_emprego,Saída do emprego,-14,2019T2,0.10090733874657894,0.23869715100660996,-0.36694872034353,0.568763397836688
sai_do_emprego,Saída do emprego,-13,2019T3,0.015597008763331617,0.23322958701365312,-0.4415424040166715,0.4727364215433348
sai_do_emprego,Saída do emprego,-12,2019T4,0.08672299977435789,0.24106371467283197,-0.385771619708262,0.5592176192569779
sai_do_emprego,Saída do emprego,-11,2020T1,-0.5022424297593333,0.28605902367832015,-1.0629296726564925,0.05844481313782594
sai_do_emprego,Saída do emprego,-10,2020T2,0.3028067533601672,0.32116527318451593,-0.3266901568251786,0.932303663545513
sai_do_emprego,Saída do emprego,-9,2020T3,0.8421456481027793,0.260771262955955,0.3310234378207424,1.3532678583848161
sai_do_emprego,Saída do emprego,-8,2020T4,0.9733215702986101,0.2853667572776298,0.41399119751364805,1.532651943083572
sai_do_emprego,Saída do emprego,-7,2021T1,1.069481531878025,0.3492311771684009,0.38497431605087373,1.7539887477051763
sai_do_emprego,Saída do emprego,-6,2021T2,1.2796623270988745,0.2422563640695114,0.8048300666169652,1.7544945875807838
sai_do_emprego,Saída do emprego,-5,2021T3,0.8192492937182025,0.22226977413268512,0.38359155694996183,1.2549070304864434
sai_do_emprego,Saída do emprego,-4,2021T4,0.018827349011065583,0.27013093321742443,-0.5106401931044154,0.5482948911265466
sai_do_emprego,Saída do emprego,-3,2022T1,0.32952074279798016,0.24489758997453928,-0.1504884271605691,0.8095299127565294
sai_do_emprego,Saída do emprego,-2,2022T2,-0.037747375977179067,0.24247753394773713,-0.5130131383554444,0.4375183864010863
sai_do_emprego,Saída do emprego,-1,2022T3,0.0,0.0,0.0,0.0
sai_do_emprego,Saída do emprego,0,2022T4,0.017207176431476984,0.24725368697947134,-0.4674200388406127,0.5018343917035666
sai_do_emprego,Saída do emprego,1,2023T1,0.10082523565326446,0.23678398909400392,-0.36328094879838113,0.56493142010491
sai_do_emprego,Saída do emprego,2,2023T2,0.09508909482714771,0.242486245406003,-0.38019374236125253,0.5703719320155479
sai_do_emprego,Saída do emprego,3,2023T3,0.0892816932006886,0.24078406886804876,-0.38266480920715595,0.5612281956085332
sai_do_emprego,Saída do emprego,4,2023T4,-0.05570619018233969,0.24730502971225818,-0.5404340392848846,0.4290216589202053
sai_do_emprego,Saída do emprego,5,2024T1,-0.1575771888262012,0.23796373418825986,-0.6239957213230657,0.30884134367066335
sai_do_emprego,Saída do emprego,6,2024T2,0.25086521603216,0.22410255648909833,-0.1883848481971556,0.6901152802614756
sai_do_emprego,Saída do emprego,7,2024T3,0.21721712651806324,0.23058700995666195,-0.23474272847286687,0.6691769815089933
sai_do_emprego,Saída do emprego,8,2024T4,-0.001993822348550082,0.23722374653557696,-0.46696194915142303,0.46297430445432286
sai_do_emprego,Saída do emprego,9,2025T1,0.3222494620824007,0.22654133593436282,-0.12178070838379167,0.766279632548593
sai_do_emprego,Saída do emprego,10,2025T2,0.36210296771318656,0.22421780604684047,-0.07737299030526612,0.8015789257316392
sai_do_emprego,Saída do emprego,11,2025T3,0.21480262559230492,0.23349973264280363,-0.2428662835344362,0.6724715347190461
