modelo,termo,termo_no_r,termo_no_python,n_r,n_python,clusters_r,clusters_python,estimativa_r,estimativa_python,estimativa_diferenca,erro_padrao_r,erro_padrao_python,erro_padrao_diferenca,p_valor_conservador_r,p_valor_conservador_python,p_valor_conservador_diferenca,ic95_inferior_conservador_r,ic95_inferior_conservador_python,ic95_inferior_conservador_diferenca,ic95_superior_conservador_r,ic95_superior_conservador_python,ic95_superior_conservador_diferenca
formal_para_informal,idade,idade,idade,1676862,1676862,30360,30360,-0.0023952579857598,-0.0023952579856875,7.230023871263036e-14,0.0001735660209859,0.0001735660249612,3.9752999882788215e-12,3.42917808149915e-43,3.4291930432651454e-43,1.4961765995531467e-48,-0.002735454698921,-0.0027354547066406,-7.719600132738424e-12,-0.0020550612725986,-0.0020550612647345,7.864099996202079e-12
formal_para_informal,idade_quadrado,idade_quadrado,idade_quadrado,1676862,1676862,30360,30360,2.35635902746875e-05,2.3563590273822457e-05,-8.650442558447158e-16,2.09141712735662e-06,2.0914171560265964e-06,2.866997648131014e-14,2.18920360979751e-29,2.18920744316288e-29,3.83336536997798e-35,1.94643245973722e-05,1.946432454031281e-05,-5.705938854543534e-14,2.76628559520028e-05,2.7662856007332106e-05,5.5329306810009485e-14
formal_para_informal,aioe_origem:pos,aioe_origem:pos,aioe_origem:pos,1676862,1676862,30360,30360,-0.0067308268131204,-0.0067308268115796,1.5407996059590978e-12,0.0009430164025264,0.000943016383264,-1.9262399943327513e-11,9.71398007508794e-13,9.713969907814513e-13,-1.0167273426478502e-18,-0.0085791786896817,-0.0085791786503858,3.9295899867397566e-11,-0.0048824749365592,-0.0048824749727734,-3.6214200041517763e-11
formal_para_informal,pos:telework,pos:telework,telework:pos,1676862,1676862,30360,30360,0.0173443080169095,0.017344308010542,-6.367500277049132e-12,0.0019851577418363,0.0019851577242858,-1.7550499682023046e-11,2.51459663705819e-18,2.5145949938608208e-18,-1.6431973691903986e-24,0.0134533152117336,0.0134533152397657,2.8032100946040472e-11,0.0212353008220855,0.0212353007813183,-4.076719864465339e-11
mobilidade_ascendente_aioe,idade,idade,idade,2876964,2876964,31036,31036,-0.0012039105904397,-0.0012039105904662,-2.6499852659456202e-14,0.0001849833440558,0.0001849833430649,-9.90899989014929e-13,7.720935655652369e-11,7.720933859412734e-11,-1.796239635389472e-17,-0.0015664854229345,-0.0015664854210189,1.915600057050826e-12,-0.0008413357579449,-0.0008413357599134,-1.9685000157698695e-12
mobilidade_ascendente_aioe,idade_quadrado,idade_quadrado,idade_quadrado,2876964,2876964,31036,31036,1.36089379527761e-05,1.3608937953095254e-05,3.1915354419594782e-16,2.19422047101306e-06,2.194220459716978e-06,-1.1296081783043711e-14,5.63900710708568e-10,5.639005958907637e-10,-1.1481780436639812e-16,9.30817712592992e-06,9.308177148389798e-06,2.245987819554998e-14,1.79096987796224e-05,1.790969875780071e-05,-2.18216896917707e-14
mobilidade_ascendente_aioe,aioe_origem:pos,aioe_origem:pos,aioe_origem:pos,2876964,2876964,31036,31036,-0.0136367819213987,-0.0136367819210617,3.369995255075864e-13,0.0010327124889587,0.0010327125041982,1.523949998312457e-11,1.05333275581181e-39,1.0533354708312518e-39,2.715019441850444e-45,-0.0156609401482418,-0.0156609401777748,-2.9533001044690366e-11,-0.0116126236945557,-0.0116126236643485,3.0207199588905276e-11
mobilidade_ascendente_aioe,pos:telework,pos:telework,telework:pos,2876964,2876964,31036,31036,0.0076234434205391,0.0076234434209168,3.777004750626922e-13,0.0022061200032998,0.0022061200186501,1.5350300024141728e-11,0.0005498264861215,0.000549826534794,4.867249994971318e-11,0.0032993590293597,0.0032993589996501,-2.9709599797672626e-11,0.0119475278117186,0.0119475278421835,3.0464899700155534e-11
mobilidade_descendente_aioe,idade,idade,idade,2876964,2876964,31036,31036,-0.0001799052244381,-0.0001799052244611,-2.299999383656437e-14,0.0001809698960595,0.0001809698961785,1.1899999757293556e-13,0.32017372972167,0.3201737299781558,2.564857770614992e-10,-0.0005346135366123,-0.0005346135368686,-2.562999725647108e-13,0.000174803087736,0.0001748030879464,2.1040000254199387e-13
mobilidade_descendente_aioe,idade_quadrado,idade_quadrado,idade_quadrado,2876964,2876964,31036,31036,-5.53439086095103e-06,-5.534390860673971e-06,2.770593948491981e-16,2.15584220628952e-06,2.1558422073516763e-06,1.0621564459673168e-15,0.0102581848824531,0.0102581849236654,4.121229919828995e-11,-9.75992873745757e-06,-9.759928739262388e-06,-1.8048188404938895e-15,-1.30885298444449e-06,-1.308852982085554e-06,2.358936147884628e-15
mobilidade_descendente_aioe,aioe_origem:pos,aioe_origem:pos,aioe_origem:pos,2876964,2876964,31036,31036,0.0218746874810114,0.0218746874812873,2.758973605132553e-13,0.0010480512740428,0.0010480512819481,7.905299895596962e-12,4.42723898282619e-96,4.4272533377023775e-96,1.4354876187203605e-101,0.0198204646153171,0.0198204646000982,-1.5218899057645174e-11,0.0239289103467058,0.0239289103624764,1.5770600103603982e-11
mobilidade_descendente_aioe,pos:telework,pos:telework,telework:pos,2876964,2876964,31036,31036,-0.002385420854336,-0.0023854208538558,4.802000810877338e-13,0.0025534711347908,0.0025534711343351,-4.556997140747754e-13,0.350214442836998,0.3502144428480271,1.1029122060079999e-11,-0.007390327505271,-0.0073903275038977,1.3732999112892053e-12,0.0026194857965988,0.002619485796186,-4.1280000251386895e-13
muda_ocupacao_2,idade,idade,idade,2880049,2880049,31036,31036,-0.0011902046416305,-0.0011902046416647,-3.4199856488448255e-14,0.0002619406363032,0.0002619406336136,-2.6896000075542215e-12,5.54583769233683e-06,5.545836461613683e-06,-1.2307231463467997e-12,-0.0017036188780095,-0.001703618872772,5.237500103755233e-12,-0.0006767904052515,-0.0006767904105574,-5.3058999251523464e-12
muda_ocupacao_2,idade_quadrado,idade_quadrado,idade_quadrado,2880049,2880049,31036,31036,6.40915942508563e-06,6.409159425494976e-06,4.0934561241958572e-16,3.11612240641245e-06,3.1161223708009706e-06,-3.561147924669491e-14,0.0397163135954873,0.0397163113206525,-2.2748347996981444e-09,3.01433536005317e-07,3.014336062145953e-07,7.020927827238946e-14,1.25168853141659e-05,1.2516885244775357e-05,-6.939054331947438e-14
muda_ocupacao_2,aioe_origem:pos,aioe_origem:pos,aioe_origem:pos,2880049,2880049,31036,31036,0.0027783745366173,0.0027783745350739,-1.543400390130456e-12,0.0012811751463793,0.0012811751682349,2.1855600012068988e-11,0.0301195609204592,0.0301195638232429,2.9027837009087953e-09,0.0002672194568666,0.0002672194124854,-4.4381199995439935e-11,0.005289529616368,0.0052895296576624,4.129439932359924e-11
muda_ocupacao_2,pos:telework,pos:telework,telework:pos,2880049,2880049,31036,31036,0.0039088092424495,0.0039088092476643,5.214799946029469e-12,0.0029030894686578,0.00290308945686,-1.1797799716328772e-11,0.178173438244053,0.1781734359014988,-2.3425541784138915e-09,-0.001781363476552,-0.0017813634482131,2.833889980319304e-11,0.0095989819614511,0.0095989819435419,-1.7909200164534234e-11
muda_ocupacao_3,idade,idade,idade,2880049,2880049,31036,31036,-0.0014839495404234,-0.0014839495404577,-3.429981992875142e-14,0.000271642811135,0.0002716428076695,-3.4654999681547893e-12,4.72090792335286e-08,4.720906067658417e-08,-1.855694443117387e-14,-0.0020163804316932,-0.0020163804249349,6.758300082759794e-12,-0.0009515186491536,-0.0009515186559805,-6.8269000478779485e-12
muda_ocupacao_3,idade_quadrado,idade_quadrado,idade_quadrado,2880049,2880049,31036,31036,1.00521318790057e-05,1.0052131879416751e-05,4.110515367753559e-16,3.2392113406606e-06,3.239211297020117e-06,-4.364048295437827e-14,0.0019156994956523,0.0019156992242613,-2.713909999507713e-10,3.70314670279995e-06,3.703146788748085e-06,8.594813500229642e-14,1.64011170552115e-05,1.6401116970085416e-05,-8.512608275072255e-14
muda_ocupacao_3,aioe_origem:pos,aioe_origem:pos,aioe_origem:pos,2880049,2880049,31036,31036,0.0086073353007051,0.00860733529913,-1.5751011606113252e-12,0.0013623511429117,0.0013623511646696,2.1757899952221105e-11,2.68559711628801e-10,2.6855988871617984e-10,1.7708737885443154e-16,0.0059370719861263,0.0059370719419048,-4.422149972593825e-11,0.011277598615284,0.0112775986563552,4.107119852547747e-11
muda_ocupacao_3,pos:telework,pos:telework,telework:pos,2880049,2880049,31036,31036,0.0009295524091455,0.000929552414452,5.306500031054817e-12,0.0030853264975404,0.0030853265094056,1.1865199794902637e-11,0.76320171352954,0.763201713101586,-4.2795400556627783e-10,-0.0051178122535887,-0.0051178122715384,-1.7949699886166126e-11,0.0069769170718798,0.0069769171004425,2.856269994827576e-11
pareado,idade,idade,idade,3960584,3960584,31145,31145,0.0054678383853922,0.005467838385391,-1.1995612836379621e-15,0.0002469735981708,0.0002469735953222,-2.8485999908726967e-12,8.97661729011377e-108,8.976567226248134e-108,-5.00638656354088e-113,0.0049837602148876,0.0049837602204699,5.582300247053418e-12,0.0059519165558967,0.005951916550312,-5.584700236982432e-12
pareado,idade_quadrado,idade_quadrado,idade_quadrado,3960584,3960584,31145,31145,-3.59118048832727e-05,-3.59118048832575e-05,1.5199159205531165e-17,2.99597954416513e-06,2.9959794993428858e-06,-4.4822244264146154e-14,4.9347554567882e-33,4.9347448257181306e-33,-1.0631070069394762e-38,-4.17840451038859e-05,-4.178404501601726e-05,8.78686432967922e-14,-3.00395646626596e-05,-3.0039564750497745e-05,-8.783814672255925e-14
pareado,aioe_origem:pos,aioe_origem:pos,aioe_origem:pos,3960584,3960584,31145,31145,-0.0026055533863018,-0.0026055533884736,-2.1718000661752335e-12,0.0014071141035273,0.001407114139014,3.5486700166939555e-11,0.0640783517822907,0.0640783582702853,6.487994599901903e-09,-0.0053635535368095,-0.0053635536085366,-7.172709995395543e-11,0.0001524467642059,0.0001524468315893,6.738340002079499e-11
pareado,pos:telework,pos:telework,telework:pos,3960584,3960584,31145,31145,-0.003617935789627,-0.003617935782173,7.454000090778568e-12,0.0029080065643433,0.0029080065325792,-3.176410003080665e-11,0.213461390589489,0.21346138653203,-4.057458979911388e-09,-0.0093177454369264,-0.0093177453672134,6.971299926217256e-11,0.0020818738576724,0.0020818738028673,-5.480509969457703e-11
sai_do_emprego,idade,idade,idade,3176283,3176283,31047,31047,-0.0094869154283507,-0.0094869154283192,3.150084360026284e-14,0.0001472030842391,0.0001472030781085,-6.130600015271867e-12,0.0,0.0,0.0,-0.0097754394203112,-0.0097754394082635,1.20476996434693e-11,-0.0091983914363903,-0.0091983914483748,-1.1984498463069038e-11
sai_do_emprego,idade_quadrado,idade_quadrado,idade_quadrado,3176283,3176283,31047,31047,0.0001187843891065,0.0001187843891061,-4.000028390113708e-16,1.75346740820202e-06,1.7534673083610387e-06,-9.984098136184717e-14,0.0,0.0,0.0,0.0001153475221482,0.0001153475223435,1.9530000717766366e-13,0.0001222212560648,0.0001222212558688,-1.9600000875780177e-13
sai_do_emprego,aioe_origem:pos,aioe_origem:pos,aioe_origem:pos,3176283,3176283,31047,31047,-0.0025037067210996,-0.0025037067190566,2.0429998838500385e-12,0.0007507806639223,0.0007507806195293,-4.43930000182044e-11,0.0008545933816255,0.0008545927842459,-5.973795999970194e-10,-0.003975267153147,-0.0039752670640919,8.905509923246013e-11,-0.0010321462890522,-0.0010321463740212,-8.496899993500062e-11
sai_do_emprego,pos:telework,pos:telework,telework:pos,3176283,3176283,31047,31047,0.002147568960812,0.0021475689538435,-6.9684999957908556e-12,0.0015325611196673,0.0015325610694283,-5.023900002606996e-11,0.161136120159511,0.1611361077879418,-1.2371569213520672e-08,-0.0008563127476145,-0.0008563126561126,9.150189991553176e-11,0.0051514506692385,0.0051514505637996,-1.0543889979869325e-10
