cod,ocupacao,aioe,teletrabalhabilidade,trabalhadores_media_trimestral
1211,Dirigentes financeiros,1.4462,1.0,122564.0
2120,"Matemáticos, atuários e estatísticos",1.4396,1.0,5918.0
2612,Juízes,1.4356,0.5,524.0
2619,Profissionais em direito não classificados anteriormente,1.4316,1.0,106582.0
2411,Contadores,1.4262,0.6667,393230.0
2413,Analistas financeiros,1.4173,1.0,124972.0
2634,Psicólogos,1.4162,1.0,237704.0
2631,Economistas,1.4038,1.0,20014.0
2412,Assessores financeiros e em investimentos,1.3907,1.0,14362.0
3312,Agentes de empréstimos e financiamento,1.3856,0.5,33340.0
3352,Agentes da administração tributária,1.3668,0.0,27106.0
2421,Analistas de gestão e administração,1.3649,1.0,331116.0
4416,Trabalhadores do serviço de pessoal,1.3531,1.0,37641.0
2143,Engenheiros de meio ambiente,1.3436,1.0,17794.0
2265,Dietistas e nutricionistas,1.3428,0.0,96257.0
2145,Engenheiros químicos,1.3413,0.0,21702.0
1113,Chefes de pequenas populações,1.3342,1.0,50.0
2611,Advogados e juristas,1.3288,1.0,715409.0
3321,Agentes de seguros,1.328,1.0,118892.0
3324,Corretores de comercialização,1.326,1.0,7000.0
2351,Especialistas em métodos pedagógicos,1.3019,1.0,259871.0
1212,Dirigentes de recursos humanos,1.301,1.0,98273.0
4227,Entrevistadores de pesquisas de mercado,1.297,1.0,22914.0
1222,Dirigentes de publicidade e relações públicas,1.294,1.0,21143.0
1221,Dirigentes de vendas e  comercialização,1.2907,1.0,321939.0
4413,"Codificadores de dados, revisores de provas de impressão e afins",1.2884,1.0,890.0
2111,Físicos e astrônomos,1.2865,1.0,1997.0
3311,"Agentes e corretores de bolsa, câmbio e outros serviços financeiros",1.2862,1.0,70682.0
2432,Profissionais de relações públicas,1.2849,1.0,23773.0
2521,Desenhistas e administradores de bases de dados,1.2849,1.0,18462.0
2142,Engenheiros civis,1.2829,1.0,201054.0
2633,"Filósofos, historiadores e especialistas em ciência política",1.2819,0.6667,1048.0
2423,Especialistas em políticas e serviços de pessoal e afins,1.2774,1.0,153947.0
4312,"Trabalhadores de serviços estatísticos, financeiros e de seguros",1.273,0.6,73143.0
2514,Programadores de aplicações,1.2715,1.0,45856.0
1342,Dirigentes de serviços de saúde,1.2603,1.0,39495.0
4313,Trabalhadores encarregados de folha de pagamento,1.2576,1.0,12927.0
4214,Cobradores e afins,1.2573,0.5,47016.0
2112,Meteorologistas,1.257,1.0,557.0
2636,"Ministros de cultos religiosos, missionários e afins",1.2467,1.0,86897.0
2512,Desenvolvedores de programas e aplicativos (software),1.2421,1.0,105572.0
2529,Especialistas em base de dados e em redes de computadores não classificados anteriormente,1.2414,1.0,9941.0
2310,Professores de universidades e do ensino superior,1.2398,0.9714,231243.0
4110,Escriturários gerais,1.2384,1.0,2967679.0
4323,Trabalhadores de serviços de transporte,1.2345,1.0,79685.0
2519,Desenvolvedores e analistas de programas e aplicativos (software) e multimídia não classificados anteriormente,1.2327,1.0,11413.0
2164,Urbanistas e engenheiros de trânsito,1.2275,0.0,3849.0
4229,Trabalhadores de serviços de informação ao cliente não classificados anteriormente,1.2263,0.0,82631.0
2643,"Tradutores, intérpretes e linguistas",1.2197,0.5,16747.0
3339,Agentes de serviços comerciais não classificados anteriormente,1.2082,0.6924,100420.0
2431,Profissionais da publicidade e da comercialização,1.2073,1.0,285161.0
2356,Instrutores em tecnologias da informação,1.1984,1.0,11054.0
2424,Especialistas em formação de pessoal,1.1984,1.0,19676.0
2330,Professores do ensino médio,1.1913,1.0,561527.0
4311,Trabalhadores de contabilidade e cálculo de custos,1.1866,0.8554,199086.0
2632,"Sociólogos, antropólogos e afins",1.1813,1.0,5476.0
2511,Analistas de sistemas,1.1762,1.0,289806.0
2146,"Engenheiros de minas, metalúrgicos e afins",1.1662,0.25,4314.0
2642,Jornalistas,1.1574,1.0,142484.0
1344,Dirigentes de serviços de bem-estar social,1.1562,1.0,1070.0
2359,Profissionais de ensino não classificados anteriormente,1.1496,1.0,179560.0
3344,Secretários de medicina,1.1403,1.0,57657.0
2141,Engenheiros industriais e de produção,1.1379,0.4186,32380.0
3334,Agentes imobiliários,1.1366,0.75,237295.0
2151,Engenheiros eletricistas,1.1267,1.0,62868.0
5244,Vendedores por telefone,1.1181,1.0,205002.0
2434,Profissionais de vendas de tecnologia da informação e comunicações,1.1176,1.0,6103.0
3314,"Profissionais de nível médio de serviços estatísticos, matemáticos e afins",1.1169,0.75,44342.0
9520,Vendedores ambulantes (exclusive de serviços de alimentação),1.1071,0.0,217416.0
5243,Vendedores a domicilio,1.1071,0.0,1035992.0
5211,Vendedores de quiosques e postos de mercados,1.1071,0.0,386878.0
2433,Profissionais de vendas técnicas e médicas (exclusive tic),1.1037,1.0,45794.0
2641,Escritores,1.1,1.0,26005.0
4120,Secretários (geral),1.0991,1.0,370549.0
2513,Desenvolvedores de páginas de internet (web) e multimídia,1.0895,1.0,8843.0
2341,Professores do ensino fundamental,1.0867,1.0,1195767.0
3322,Representantes comerciais,1.0831,1.0,272067.0
1223,Dirigentes de pesquisa e desenvolvimento,1.0825,0.782,23294.0
4225,Trabalhadores dos serviços de informações,1.0815,0.5,85664.0
2353,Outros professores de idiomas,1.0669,1.0,70181.0
1330,Dirigentes de serviços de tecnologia da informação e comunicações,1.0599,1.0,88219.0
2422,Especialistas em políticas de administração,1.0477,0.8471,4970.0
2161,Arquitetos de edificações,1.0471,1.0,139626.0
3313,Contabilistas e guarda livros,1.0397,1.0,140540.0
3341,Supervisores de secretaria,1.0387,1.0,318681.0
2162,Arquitetos paisagistas,1.0344,1.0,1831.0
3323,Agentes de compras,1.0322,,97118.0
1323,Dirigentes de empresas de construção,1.0291,0.0,39262.0
7111,Construtores de casas,1.0291,0.0,44530.0
2149,Engenheiros não classificados anteriormente,1.022,0.3633,35547.0
3342,Secretários jurídicos,1.0145,1.0,23554.0
4226,Recepcionistas em geral,1.0132,0.0,748203.0
1346,"Gerentes de sucursais de bancos, de serviços financeiros e de seguros",1.0106,1.0,178625.0
4223,Telefonistas,1.0015,0.5,30810.0
4419,Trabalhadores de apoio administrativo não classificados anteriormente,0.9943,1.0,15829.0
4222,Trabalhadores de centrais de atendimento,0.9847,0.3067,400149.0
2654,"Diretores de cinema, de teatro e afins",0.9823,0.7844,19809.0
1112,Dirigentes superiores da administração pública,0.98,0.6667,60363.0
2211,Médicos gerais,0.9782,0.0262,128286.0
1439,Gerentes de serviços não classificados anteriormente,0.9647,0.8561,41266.0
1213,Dirigentes de políticas e planejamento,0.9647,0.8561,21198.0
1322,Dirigentes de explorações de mineração,0.9647,0.8561,3451.0
1349,Dirigentes e gerentes de serviços profissionais não classificados anteriormente,0.9647,0.8561,29625.0
3353,Agentes de serviços de seguridade social,0.9622,0.2355,12796.0
2144,Engenheiros mecânicos,0.9579,0.4476,64623.0
3343,Secretários executivos e administrativos,0.9574,1.0,153267.0
1345,Dirigentes de serviços de educação,0.9547,1.0,113709.0
1120,Diretores gerais e gerentes gerais,0.9546,1.0,92976.0
2635,Assistentes sociais,0.95,0.5,103106.0
1114,Dirigentes de organizações que apresentam um interesse especial,0.9444,0.952,9017.0
3514,Técnicos da web,0.9395,1.0,19503.0
1219,Dirigentes de administração e de serviços não classificados anteriormente,0.9362,0.8094,436743.0
3354,Agentes de serviços de expedição de licenças e permissões,0.9322,0.3918,5587.0
3315,Avaliadores,0.9263,0.6667,4630.0
2355,Outros professores de artes,0.9258,1.0,36330.0
1343,Dirigentes de serviços de cuidado a pessoas idosas,0.9176,1.0,1832.0
2152,Engenheiros eletrônicos,0.9036,1.0,15723.0
2131,"Biólogos, botânicos, zoólogos e afins",0.9015,0.6344,48283.0
1431,"Gerentes de centros esportivos,  de diversão e culturais",0.8973,0.4281,22417.0
2656,"Locutores de rádio, televisão e outros meios de comunicação",0.8926,0.3333,29858.0
4221,Trabalhadores de agências de viagem,0.8924,0.3333,46112.0
2113,Químicos,0.8913,0.3333,20047.0
1324,"Dirigentes de empresas de abastecimento, distribuição e afins",0.8908,0.7128,58385.0
2266,Fonoaudiólogos e logopedistas,0.8896,0.5,28321.0
1341,Dirigentes de serviços de cuidados infantis,0.838,0.0,12005.0
3411,Profissionais de nível médio do direito e serviços legais e afins,0.8336,0.8333,305292.0
2114,Geólogos e geofísicos,0.8317,1.0,7747.0
2522,Administradores de sistemas,0.7895,1.0,20824.0
3513,Técnicos de redes e sistemas de computadores,0.7861,1.0,206320.0
2263,Profissionais da saúde e da higiene laboral e ambiental,0.7633,0.0,2447.0
2622,"Bibliotecários, documentaristas e afins",0.744,1.0,23370.0
4224,Recepcionistas de hotéis,0.7311,0.0,54526.0
2163,Desenhistas de produtos e  vestuário,0.7236,1.0,18106.0
2230,Profissionais da medicina tradicional e alternativa,0.711,0.0,2748.0
2166,Desenhistas gráficos e de multimídia,0.7108,1.0,119699.0
2621,Arquivologistas e curadores de museus,0.7066,1.0,1518.0
3511,Técnicos em operações de tecnologia da informação e das comunicações,0.7041,1.0,159310.0
4322,Trabalhadores de serviços de apoio à produção,0.6999,0.0,56701.0
2153,Engenheiros em telecomunicações,0.6655,1.0,6056.0
4131,Operadores de máquinas de processamento de texto e mecanógrafos,0.622,1.0,1544.0
2262,Farmacêuticos,0.6059,0.0,149886.0
3154,Controladores de tráfego aéreo,0.5947,0.5,2397.0
2523,Profissionais em rede de computadores,0.5803,1.0,6052.0
1420,Gerentes de comércios atacadistas e varejistas,0.5749,1.0,448474.0
5221,Comerciantes de lojas,0.5749,1.0,2400935.0
3252,Técnicos em documentação sanitária,0.5739,1.0,1313.0
2133,Profissionais da proteção do meio ambiente,0.5416,0.6618,23856.0
2352,Educadores para necessidades especiais,0.5405,0.8,23221.0
3118,Desenhistas e projetistas técnicos,0.5264,1.0,52464.0
2354,Outros professores de música,0.5264,1.0,41705.0
5165,Instrutores de autoescola,0.5264,1.0,39116.0
1321,Dirigentes de indústria de transformação,0.5087,0.0,183844.0
2267,Optometristas,0.504,0.0,1338.0
2269,Profissionais da saúde não classificados anteriormente,0.5016,0.2913,39115.0
2212,Médicos especialistas,0.4908,0.2209,235481.0
2165,Cartógrafos e agrimensores,0.4815,0.6964,3339.0
5113,Guias de turismo,0.4653,0.6005,17646.0
3412,Trabalhadores e assistentes sociais de nível médio,0.4652,0.0,86861.0
3333,Agentes de emprego e agenciadores de mão de obra,0.4623,1.0,6093.0
5312,Ajudantes de professores,0.4517,1.0,272399.0
2652,"Músicos, cantores e compositores",0.4395,0.2189,83829.0
2132,Agrônomos e afins,0.436,0.3333,40835.0
3155,Técnicos em segurança aeronáutica,0.418,0.0,2430.0
1411,Gerentes de hotéis,0.4022,0.0,30642.0
4212,Coletores de apostas e de jogos,0.3839,0.3333,53202.0
7321,Trabalhadores da pré-impressão gráfica,0.3773,1.0,18936.0
3332,Organizadores de conferências e eventos,0.374,0.0,132259.0
2320,Professores de formação profissional,0.3519,1.0,88335.0
3522,Técnicos de engenharia de telecomunicações,0.3515,0.0,49462.0
3114,Técnicos em eletrônica,0.3515,0.0,120810.0
3331,Despachantes aduaneiros,0.3295,0.5,13162.0
4132,Operadores de entrada de dados,0.3108,1.0,23399.0
3512,Técnicos em assistência ao usuário de tecnologia da informação e das comunicações,0.2993,1.0,68909.0
3222,Profissionais de nível médio de partos,0.2296,0.0,3371.0
3230,Profissionais de nível médio de medicina tradicional e alternativa,0.2296,0.0,21688.0
2221,Profissionais de enfermagem,0.2203,0.0,370952.0
3521,Técnicos de radiodifusão e gravação audiovisual,0.2122,0.8,70824.0
3131,Operadores de instalações de produção de energia,0.2097,0.0,6875.0
3422,"Treinadores, instrutores e árbitros de atividades esportivas",0.2036,0.6667,35137.0
3111,Técnicos em ciências físicas e químicas,0.1987,0.3343,20015.0
2342,Professores do ensino pré-escolar,0.1975,1.0,574922.0
2222,Profissionais de partos,0.1966,0.0,113.0
3116,Técnicos em química industrial,0.1941,0.0,45365.0
5212,Vendedores ambulantes de serviços de alimentação,0.19,0.0,254726.0
3359,Agentes da administração pública para aplicação da lei e afins não classificados anteriormente,0.1705,0.0,15170.0
2655,Atores,0.1591,0.0,10026.0
3141,Técnicos e profissionais de nível médio em ciências biológicas (exclusive da medicina),0.1591,0.0,14777.0
3112,Técnicos em engenharia civil,0.1547,0.2979,107475.0
5169,Trabalhadores de serviços pessoais não classificados anteriormente,0.1511,0.6501,6331.0
3117,Técnicos em engenharia de minas e metalurgia,0.1387,0.2326,36312.0
3119,Técnicos em ciências físicas e da engenharia não classificados anteriormente,0.1363,0.0538,104028.0
3257,"Inspetores de saúde laboral, ambiental e afins",0.1333,0.0,132971.0
5242,Demonstradores de lojas,0.1236,0.0,85824.0
4411,Trabalhadores de bibliotecas,0.1209,0.5,8971.0
3256,assistentes de medicina,0.1143,0.0,31775.0
2240,Paramédicos,0.1059,0.0,405.0
3254,Técnicos em optometria e ópticos,0.1014,0.0,2787.0
3142,Técnicos agropecuários,0.0957,0.0,32754.0
5249,Vendedores não classificados anteriormente,0.0784,0.0,426757.0
3212,Técnicos de laboratórios médicos,0.0772,,47222.0
3152,"Capitães, oficiais de coberta e práticos",0.0677,0.0,11544.0
3153,Pilotos de aviação e afins,0.0606,0.0,10774.0
3115,Técnicos em engenharia mecânica,0.0404,0.0,157104.0
3253,Trabalhadores comunitários da saúde,0.0371,0.0,352457.0
3151,Oficiais maquinistas em navegação,0.0349,0.0,1432.0
3214,Técnicos de próteses médicas e dentárias,0.0345,0.0,37888.0
3113,Eletrotécnicos,0.0237,0.0,144097.0
5311,Cuidadores de crianças,0.0234,0.8003,695667.0
3432,Desenhistas e decoradores de interiores,0.0228,0.6667,40138.0
5222,Supervisores de lojas,0.0192,0.0,215762.0
3355,Inspetores de polícia e detetives,0.0167,0.1044,55683.0
3213,Técnicos e assistentes farmacêuticos,0.007,0.0,48448.0
5223,Balconistas e vendedores de lojas,-0.0156,0.0,2680362.0
4211,Caixas de banco e afins,-0.023,0.0,51878.0
3139,Técnicos em controle de processos não classificados anteriormente,-0.0242,0.0,9605.0
7543,Classificadores e provadores de produtos (exceto de bebidas e alimentos),-0.0293,0.0,156600.0
3351,Agentes aduaneiros e inspetores de fronteiras,-0.0541,0.157,201.0
5414,Guardas de segurança,-0.0564,0.3333,1018897.0
4414,Outros escreventes,-0.0717,0.3003,969.0
5162,Acompanhantes e criados particulares,-0.0717,0.3003,2260.0
2250,Veterinários,-0.075,0.0,85388.0
3122,Supervisores de indústrias de transformação,-0.0845,0.0,169425.0
2261,Dentistas,-0.1037,0.0,221433.0
7311,Mecânicos e reparadores de instrumentos de precisão,-0.1138,0.0,15728.0
5112,Fiscais e cobradores de transportes públicos,-0.1143,0.0,71213.0
4415,Trabalhadores de arquivos,-0.1166,1.0,34464.0
1412,Gerentes de restaurantes,-0.1213,0.0,176518.0
3259,Profissionais de nível médio da saúde não classificados anteriormente,-0.1418,0.0315,27822.0
1312,Dirigentes de produção da aquicultura e pesca,-0.1444,0.0,1290.0
1311,Dirigentes de produção agropecuária e silvicultura,-0.1444,0.0,52957.0
5230,Caixas e expedidores de bilhetes,-0.1491,0.0,817636.0
7313,"Joalheiros e lapidadores de gemas, artesãos de metais preciosos e semipreciosos",-0.156,0.2914,30967.0
3431,Fotógrafos,-0.1681,1.0,96874.0
2264,Fisioterapeutas,-0.1957,0.0,187958.0
3211,Técnicos em aparelhos de diagnóstico e tratamento médico,-0.2052,0.0,52944.0
5419,Trabalhadores dos serviços de proteção e segurança não classificados anteriormente,-0.2479,0.1429,42579.0
3434,Chefes de cozinha,-0.2626,0.0,35315.0
5322,Trabalhadores de cuidados pessoais a domicílios,-0.2628,0.2002,498131.0
7312,Confeccionadores e afinadores de instrumentos musicais,-0.2756,0.0,3769.0
3123,Supervisores da construção,-0.3054,0.0,103717.0
3121,Supervisores da mineração,-0.3054,0.0,6836.0
5142,Especialistas em tratamento de beleza e afins,-0.3077,0.2668,971657.0
5141,Cabeleireiros,-0.3272,0.2002,872363.0
3433,"Técnicos em galerias de arte, museus e bibliotecas",-0.3276,0.3333,3843.0
5111,Auxiliares de serviço de bordo,-0.3302,0.0,11647.0
7232,Mecânicos e reparadores de motores de avião,-0.3378,0.0,10094.0
8331,Condutores de ônibus e bondes,-0.343,0.0,325633.0
8132,Operadores de máquinas para fabricar produtos fotográficos,-0.3616,0.0,2504.0
3423,Instrutores de educação física e atividades recreativas,-0.3716,0.6501,242215.0
3133,Controladores de instalações de processamento de produtos químicos,-0.3831,0.0,4059.0
7512,"Padeiros, confeiteiros e afins",-0.3853,0.0,698269.0
8321,Condutores de motocicletas,-0.4062,1.0,737256.0
3255,Técnicos e assistentes fisioterapeutas,-0.41,0.0,41909.0
7531,"Alfaiates, modistas, chapeleiros e peleteiros",-0.4305,0.0,360186.0
7549,Outros trabalhadores qualificados e operários da indústria e do artesanato não classificados anteriormente,-0.4343,1.0,3205.0
7127,Mecânicos-instaladores de sistemas de refrigeração e climatização,-0.4348,0.0,55934.0
3435,Outros profissionais de nível médio em atividades culturais e artísticas,-0.4534,0.0,16854.0
7421,Mecânicos e reparadores em eletrônica,-0.4538,0.0,54814.0
9629,Outras ocupações elementares não classificadas anteriormente,-0.4652,0.2,155677.0
7234,Reparadores de bicicletas e afins,-0.4716,0.0,34810.0
3251,Dentistas auxiliares e ajudantes de odontologia,-0.4717,0.0,77526.0
5163,Trabalhadores de funerárias e embalsamadores,-0.4887,0.0,14924.0
8332,Condutores de caminhões pesados,-0.5012,0.0,1380929.0
8182,Operadores de máquinas de vapor e caldeiras,-0.5032,0.0,37210.0
3132,"Operadores de incineradores, instalações de tratamento de água e afins",-0.5105,0.0,18800.0
8312,Guarda-freios e agentes de manobras,-0.5124,0.0,2583.0
3221,Profissionais de nível médio de enfermagem,-0.5137,0.0,860434.0
5164,Cuidadores de animais,-0.5373,0.1501,110919.0
5245,Frentistas de posto de gasolina,-0.5374,0.0,231269.0
3134,Operadores de instalações de refino de petróleo e gás natural,-0.5504,0.0,2894.0
7413,Instaladores e reparadores de linhas elétricas,-0.551,0.0,45935.0
7514,"Trabalhadores da conservação de frutas, legumes e similares",-0.556,0.0,36280.0
5412,Policiais,-0.5603,0.0,116517.0
3240,Técnicos e assistentes veterinários,-0.568,0.0,15886.0
9611,Coletores de lixo e material reciclável,-0.5684,0.0,182146.0
8212,Montadores de equipamentos elétricos e eletrônicos,-0.5693,0.0,65337.0
4321,Trabalhadores de controle de abastecimento e estoques,-0.5739,0.0512,689920.0
7222,Ferramenteiros e afins,-0.5832,0.0,51075.0
5152,Governantas e mordomos domésticos,-0.5854,0.0,13617.0
5151,"Supervisores de manutenção e limpeza de edifícios em escritórios, hotéis e estabelecimentos",-0.5854,0.0,17949.0
7515,Trabalhadores da degustação e classificação de alimentos e bebidas,-0.6002,0.0,17147.0
5120,Cozinheiros,-0.6031,0.2,1139356.0
8343,"Operadores de guindastes, gruas, aparatos de elevação e afins",-0.6038,0.0,54603.0
5329,Trabalhadores de cuidados pessoais nos serviços de saúde não classificados anteriormente,-0.6075,0.0394,45862.0
5132,atendentes de bar,-0.616,0.0,136546.0
7422,Instaladores e reparadores em tecnologias da informação e comunicações,-0.6198,0.0,207079.0
8344,Operadores de empilhadeiras,-0.626,0.0,204458.0
8322,"Condutores de automóveis, taxis e caminhonetes",-0.6331,0.0,1494063.0
9411,Preparadores de comidas rápidas,-0.6533,0.0,97095.0
8311,Maquinistas de locomotivas,-0.6536,0.0,8606.0
7513,Trabalhadores da pasteurização do leite e fabricação de laticínios e afins,-0.6585,0.0,63744.0
3143,Técnicos florestais,-0.6672,0.0,2192.0
7532,Trabalhadores qualificados da preparação da confecção de roupas,-0.6847,0.3333,28376.0
3258,Ajudantes de ambulâncias,-0.6863,0.0,15300.0
5321,Trabalhadores de cuidados pessoais em instituições,-0.7003,0.0,58102.0
7322,Impressores,-0.7094,0.0,66189.0
7544,Fumigadores e outros controladores de pragas e ervas daninhas,-0.7217,0.0,28626.0
5413,Guardiões de presídios,-0.723,0.0,76625.0
8160,Operadores de máquinas para elaborar alimentos e produtos afins,-0.7393,0.0,208190.0
2651,Artistas plásticos,-0.7493,0.5,20877.0
7412,Mecânicos e ajustadores eletricistas,-0.7606,0.0,263906.0
7542,Dinamitadores e detonadores,-0.773,0.0,2320.0
9334,Repositores de prateleiras,-0.7893,0.1536,484399.0
7221,Ferreiros e forjadores,-0.8047,0.0,8539.0
7316,"Redatores de cartazes, pintores decorativos e gravadores",-0.805,0.5,9641.0
8219,Montadores não classificados anteriormente,-0.8305,,118637.0
5131,Garçons,-0.8376,0.0,345795.0
9623,Coletores de dinheiro em máquinas automáticas de venda e leitores de medidores,-0.8479,0.5,20061.0
8154,"Operadores de máquinas de branqueamento, tingimento e limpeza de tecidos",-0.8609,0.0,38852.0
7411,Eletricistas de obras e afins,-0.8619,0.0,353678.0
8131,Operadores de instalações e máquinas de produtos químicos,-0.8776,0.0,39534.0
8114,"Operadores de máquinas para fabricar cimento, pedras e outros produtos minerais",-0.9032,0.0,19030.0
7323,Encadernadores e afins,-0.9062,0.0,12177.0
4412,Trabalhadores de serviços de correios,-0.9092,0.4,45012.0
8211,Mecânicos montadores de maquinaria mecânica,-0.9123,0.0,82602.0
8189,Operadores de máquinas e de instalações fixas não classificados anteriormente,-0.9161,0.0,19566.0
7223,Reguladores e operadores de máquinas-ferramentas,-0.9215,0.0,227563.0
9333,Carregadores,-0.9225,0.0,614546.0
7317,"Artesãos de pedra, madeira, vime e materiais semelhantes",-0.9295,0.0,64390.0
7319,Artesãos não classificados anteriormente,-0.9295,0.0,51372.0
7231,Mecânicos e reparadores de veículos a motor,-0.9388,0.0,944026.0
5411,Bombeiros,-0.9566,0.0,28829.0
9331,Condutores de veículos acionados a pedal ou a braços,-0.9591,1.0,22112.0
8153,Operadores de máquinas de costura,-0.964,0.0,537080.0
8183,"Operadores de máquinas de embalagem, engarrafamento e etiquetagem",-0.9786,0.0,77294.0
5246,Balconistas dos serviços de alimentação,-0.9809,0.0,325294.0
9622,Pessoas que realizam várias tarefas,-0.9837,0.0,6436.0
8181,Operadores de instalações de vidraria e cerâmica,-0.9844,0.0,44118.0
7533,"Costureiros, bordadeiros e afins",-0.9875,0.0,84528.0
6122,Avicultores e trabalhadores qualificados da avicultura,-0.9901,0.0528,100793.0
6114,Agricultores e trabalhadores qualificados de cultivos mistos,-0.9901,0.0528,17987.0
6121,Criadores de gado e trabalhadores qualificados da criação de gado,-0.9901,0.0528,1026088.0
6111,"Agricultores e trabalhadores qualificados em atividades da agricultura (exclusive hortas, viveiros e jardins)",-0.9901,0.0528,1953681.0
6123,"Apicultores, sericicultores e trabalhadores qualificados da apicultura e sericicultura",-0.9901,0.0528,13968.0
6130,Produtores e trabalhadores qualificados de exploração agropecuária mista,-0.9901,0.0528,6275.0
6112,"Agricultores e trabalhadores qualificados no cultivo de hortas, viveiros e jardins",-0.9901,0.0528,517338.0
6129,Outros criadores e trabalhadores qualificados da pecuária não classificados anteriormente,-0.9901,0.0528,1140.0
7318,"Artesãos de tecidos, couros e materiais semelhantes",-0.9909,0.0,178205.0
7536,Sapateiros e afins,-0.9909,0.0,105613.0
7213,Chapistas e caldeireiros,-0.9982,0.0,348532.0
8171,Operadores de instalações para a preparação de pasta de papel e papel,-1.008,0.0,16709.0
7224,Polidores de metais e afiadores de ferramentas,-1.0137,0.0,17719.0
8142,Operadores de máquinas para fabricar produtos de material plástico,-1.0173,0.0,113113.0
8350,Marinheiros de coberta e afins,-1.0186,0.0,33424.0
8156,Operadores de máquinas para fabricação de calçados e afins,-1.0299,0.0,82471.0
7233,Mecânicos e reparadores de máquinas agrícolas e industriais,-1.0474,0.0,422874.0
8157,"Operadores de máquinas de lavar, tingir e passar roupas",-1.0544,0.0,10906.0
8122,"Operadores de máquinas polidoras, galvanizadoras e recobridoras de metais",-1.0544,0.0,37568.0
7314,Ceramistas e afins (preparação e fabricação),-1.0565,0.0,67641.0
9215,Trabalhadores florestais elementares,-1.0642,0.0,143016.0
8341,Operadores de máquinas agrícolas e florestais móveis,-1.0744,0.0,260290.0
7522,Marceneiros e afins,-1.0777,0.0,268145.0
8113,Perfuradores e sondadores de poços e afins,-1.0788,0.0,18058.0
6221,Trabalhadores da aquicultura,-1.0852,0.033,12331.0
6225,Pescadores,-1.0852,0.033,258609.0
6210,Trabalhadores florestais qualificados e afins,-1.0852,0.033,49963.0
6224,Caçadores,-1.0852,0.033,68.0
8342,Operadores de máquinas de movimentação de terras e afins,-1.0895,0.0,198799.0
7315,"Cortadores, polidores, jateadores e gravadores de vidros e afins",-1.0926,0.0,5130.0
8112,Operadores de instalações de processamento de minerais e rochas,-1.0927,0.0,12152.0
8143,Operadores de máquinas para fabricar produtos de papel,-1.0927,0.0,26618.0
7212,Soldadores e oxicortadores,-1.1,0.0,233239.0
7541,Trabalhadores subaquáticos,-1.1027,0.0,2186.0
9212,Trabalhadores elementares da pecuária,-1.1084,0.0,423921.0
9621,"Mensageiros, carregadores de bagagens e entregadores de encomendas",-1.1156,0.5,97781.0
8121,Operadores de instalações de processamento de metais,-1.1185,0.0,85685.0
5241,"Modelos de moda, arte e publicidade",-1.122,1.0,4682.0
7523,Operadores de máquinas de lavrar madeira,-1.1304,0.0,51313.0
7521,Trabalhadores de tratamento e preparação da madeira,-1.1348,0.0,2406.0
7119,Outros trabalhadores qualificados e operários da construção não classificados anteriormente,-1.1644,0.0,127717.0
8172,Operadores de instalações para processamento de madeira,-1.165,0.0,70424.0
3135,Controladores de processos de produção de metais,-1.1675,0.0,10569.0
7511,Magarefes e afins,-1.1675,0.0,381471.0
8141,Operadores de máquinas para fabricar produtos de borracha,-1.1676,0.0,119375.0
7126,Bombeiros e encanadores,-1.1734,0.0,119840.0
7516,Trabalhadores qualificados da preparação do fumo e seus produtos,-1.1988,0.0,6706.0
9129,Outros trabalhadores de limpeza,-1.2106,0.0,19778.0
7215,Aparelhadores e emendadores de cabos,-1.2215,0.0,2757.0
8152,Operadores de teares e outras máquinas de tecelagem,-1.2417,0.0,36958.0
8111,Mineiros e operadores de máquinas e de instalações em minas e pedreiras,-1.2653,0.0,5745.0
9612,Classificadores de resíduos,-1.2834,0.0,208273.0
7132,Lustradores,-1.2844,0.0,133822.0
9216,Trabalhadores elementares da pesca e aquicultura,-1.3108,0.0,17750.0
7534,"Tapeceiros, colchoeiros e afins",-1.3137,0.0,66219.0
7115,Carpinteiros,-1.3236,0.0,150688.0
9312,"Trabalhadores elementares de obras públicas e da manutenção de estradas, represas e similares",-1.3391,0.0,26099.0
7113,"Canteiros, cortadores e gravadores de pedras",-1.3487,0.0,57301.0
9213,Trabalhadores elementares da agropecuária,-1.3549,0.0,14269.0
9329,Trabalhadores elementares da indústria de transformação não classificados anteriormente,-1.3622,0.0,565614.0
7535,Trabalhadores qualificados do tratamento de couros e peles,-1.371,0.0,6510.0
7125,Vidraceiros,-1.3889,0.0,56941.0
8151,"Operadores de máquinas de preparação de fibras, fiação e bobinamento de fios",-1.3929,0.0,15989.0
9123,Limpadores de janelas,-1.4362,0.0,2363.0
5153,Porteiros e zeladores,-1.4362,0.0,625181.0
7211,Moldadores de metal e macheiros,-1.4432,0.0,18083.0
7124,Instaladores de material isolante térmico e acústico,-1.4437,0.0,9616.0
7122,"Aplicadores de revestimentos cerâmicos, pastilhas, pedras e madeiras",-1.4599,0.0,68373.0
9111,Trabalhadores dos serviços domésticos em geral,-1.4807,0.0,3235629.0
7112,Pedreiros,-1.4959,0.0,2115962.0
7114,Trabalhadores em cimento e concreto armado,-1.5121,0.0,12170.0
9321,empacotadores manuais,-1.5136,0.0,145375.0
9112,"Trabalhadores de limpeza de interior de edifícios, escritórios, hotéis e outros estabelecimentos",-1.5156,0.0,1988863.0
9311,Trabalhadores elementares de minas e pedreiras,-1.5432,0.0,25661.0
9211,Trabalhadores elementares da agricultura,-1.6013,0.0,1079640.0
7214,Montadores de estruturas metálicas,-1.6091,0.0,83916.0
9122,Lavadores de veículos,-1.6299,0.0,206338.0
9412,Ajudantes de cozinha,-1.6307,0.0,524768.0
7123,Gesseiros,-1.6481,0.0,96946.0
7131,Pintores e empapeladores,-1.6578,0.0,522537.0
9624,Carregadores de água e coletores de lenha,-1.7092,0.0,1519.0
9214,Trabalhadores elementares da jardinagem e horticultura,-1.7128,0.0,54947.0
9313,Trabalhadores elementares da construção de edifícios,-1.7313,0.0,1305249.0
7121,Telhadores,-1.7529,0.0,22798.0
3421,Atletas e esportistas,-1.8143,1.0,14821.0
9121,Lavadeiros de roupas e passadeiros manuais,-1.9501,0.0,45623.0
2653,Bailarinos e coreógrafos,-2.1228,0.0,2512.0
